dt,x,y,position,velocity,acceleration,jerk,heading
0.005000,22.000000,-7.000000,0.000012,0.004994,0.998891,199.778170,6.283181
0.005000,22.000000,-7.000000,0.000062,0.014983,1.997782,199.778170,6.283182
0.005000,22.000000,-7.000000,0.000175,0.029967,2.996673,199.778170,6.283182
0.005000,22.000000,-7.000000,0.000375,0.049945,3.995563,199.778170,6.283183
0.005000,22.000000,-7.000000,0.000687,0.074917,4.994454,199.778170,6.283185
0.005000,22.000431,-7.000000,0.001136,0.104884,5.993345,199.778170,0.000002
0.005000,22.001043,-7.000000,0.001748,0.139845,6.992236,199.778170,0.000006
0.005000,22.001842,-7.000000,0.002547,0.179800,7.991127,199.778170,0.000010
0.005000,22.002854,-7.000000,0.003559,0.224750,8.990018,199.778170,0.000016
0.005000,22.004102,-7.000000,0.004807,0.274695,9.988908,199.778170,0.000023
0.005000,22.005613,-7.000000,0.006318,0.329634,10.987799,199.778170,0.000032
0.005000,22.007411,-7.000000,0.008116,0.389567,11.986690,199.778170,0.000042
0.005000,22.009521,-7.000000,0.010226,0.454495,12.985581,199.778170,0.000054
0.005000,22.011969,-7.000000,0.012673,0.524418,13.984472,199.778170,0.000068
0.005000,22.014778,-6.999999,0.015483,0.599335,14.983363,199.778170,0.000084
0.005000,22.017974,-6.999999,0.018679,0.679246,15.982254,199.778170,0.000102
0.005000,22.021583,-6.999999,0.022288,0.764151,16.981144,199.778170,0.000123
0.005000,22.025628,-6.999998,0.026333,0.854052,17.980035,199.778170,0.000145
0.005000,22.030136,-6.999997,0.030841,0.948946,18.978926,199.778170,0.000171
0.005000,22.035130,-6.999996,0.035835,1.048835,19.977817,199.778170,0.000199
0.005000,22.040637,-6.999995,0.041342,1.153719,20.976708,199.778170,0.000230
0.005000,22.046680,-6.999994,0.047385,1.263597,21.975599,199.778170,0.000265
0.005000,22.053285,-6.999992,0.053990,1.378469,22.974490,199.778170,0.000302
0.005000,22.060477,-6.999990,0.061182,1.498336,23.973380,199.778170,0.000342
0.005000,22.068281,-6.999987,0.068986,1.623198,24.972271,199.778170,0.000386
0.005000,22.076709,-6.999983,0.077414,1.748059,24.972271,0.000000,0.000434
0.005000,22.085762,-6.999979,0.086466,1.872920,24.972271,0.000000,0.000485
0.005000,22.095438,-6.999974,0.096143,1.997782,24.972271,-0.000000,0.000539
0.005000,22.105739,-6.999968,0.106444,2.122643,24.972271,0.000000,0.000597
0.005000,22.116665,-6.999962,0.117370,2.247504,24.972271,-0.000000,0.000658
0.005000,22.128215,-6.999954,0.128919,2.372366,24.972271,0.000000,0.000722
0.005000,22.140389,-6.999944,0.141093,2.497227,24.972271,-0.000000,0.000790
0.005000,22.153187,-6.999934,0.153892,2.622088,24.972271,0.000000,0.000861
0.005000,22.166609,-6.999922,0.167314,2.746950,24.972271,-0.000000,0.000936
0.005000,22.180656,-6.999908,0.181361,2.871811,24.972271,0.000000,0.001014
0.005000,22.195327,-6.999893,0.196032,2.996673,24.972271,-0.000000,0.001095
0.005000,22.210623,-6.999875,0.211328,3.121534,24.972271,0.000000,0.001179
0.005000,22.226543,-6.999856,0.227248,3.246395,24.972271,-0.000000,0.001267
0.005000,22.243087,-6.999834,0.243792,3.371257,24.972271,0.000000,0.001357
0.005000,22.260255,-6.999810,0.260960,3.496118,24.972271,-0.000000,0.001451
0.005000,22.278048,-6.999783,0.278753,3.620979,24.972271,0.000000,0.001548
0.005000,22.296465,-6.999754,0.297170,3.745841,24.972271,0.000000,0.001649
0.005000,22.315506,-6.999721,0.316211,3.870702,24.972271,0.000000,0.001752
0.005000,22.335172,-6.999686,0.335877,3.995563,24.972271,-0.000000,0.001858
0.005000,22.355462,-6.999647,0.356167,4.120425,24.972271,0.000000,0.001968
0.005000,22.376376,-6.999605,0.377081,4.245286,24.972271,0.000000,0.002080
0.005000,22.397915,-6.999559,0.398620,4.370147,24.972271,-0.000000,0.002196
0.005000,22.420078,-6.999509,0.420783,4.495009,24.972271,0.000000,0.002314
0.005000,22.442865,-6.999455,0.443570,4.619870,24.972271,0.000000,0.002435
0.005000,22.466276,-6.999396,0.466981,4.744732,24.972271,0.000000,0.002560
0.005000,22.490312,-6.999333,0.491017,4.869593,24.972271,-0.000000,0.002687
0.005000,22.514972,-6.999265,0.515677,4.994454,24.972271,0.000000,0.002816
0.005000,22.540256,-6.999192,0.540962,5.119316,24.972271,0.000000,0.002949
0.005000,22.566165,-6.999114,0.566871,5.244177,24.972271,-0.000000,0.003084
0.005000,22.592698,-6.999031,0.593404,5.369038,24.972271,-0.000000,0.003222
0.005000,22.619855,-6.998941,0.620561,5.493900,24.972271,0.000000,0.003362
0.005000,22.647636,-6.998846,0.648343,5.618761,24.972271,0.000000,0.003506
0.005000,22.676042,-6.998744,0.676749,5.743622,24.972271,0.000000,0.003651
0.005000,22.705072,-6.998636,0.705779,5.868484,24.972271,-0.000000,0.003800
0.005000,22.734727,-6.998521,0.735433,5.993345,24.972271,0.000000,0.003950
0.005000,22.765005,-6.998399,0.765712,6.118206,24.972271,0.000000,0.004103
0.005000,22.795908,-6.998270,0.796615,6.243068,24.972271,-0.000000,0.004259
0.005000,22.827435,-6.998133,0.828143,6.367929,24.972271,0.000000,0.004417
0.005000,22.859587,-6.997989,0.860295,6.492791,24.972271,-0.000000,0.004577
0.005000,22.892363,-6.997836,0.893071,6.617652,24.972271,0.000000,0.004739
0.005000,22.925763,-6.997675,0.926471,6.742513,24.972271,0.000000,0.004903
0.005000,22.959787,-6.997505,0.960496,6.867375,24.972271,-0.000000,0.005070
0.005000,22.994435,-6.997327,0.995145,6.992236,24.972271,0.000000,0.005238
0.005000,23.029708,-6.997139,1.030418,7.117097,24.972271,0.000000,0.005409
0.005000,23.065605,-6.996942,1.066316,7.241959,24.972271,-0.000000,0.005582
0.005000,23.102127,-6.996734,1.102838,7.366820,24.972271,0.000000,0.005756
0.005000,23.139272,-6.996517,1.139984,7.491681,24.972271,0.000000,0.005933
0.005000,23.177042,-6.996290,1.177755,7.616543,24.972271,-0.000000,0.006111
0.005000,23.215436,-6.996052,1.216150,7.741404,24.972271,0.000000,0.006291
0.005000,23.254455,-6.995803,1.255169,7.866265,24.972271,-0.000000,0.006473
0.005000,23.294097,-6.995543,1.294812,7.991127,24.972271,0.000000,0.006656
0.005000,23.334364,-6.995271,1.335080,8.115988,24.972271,-0.000000,0.006841
0.005000,23.375255,-6.994987,1.375972,8.240850,24.972271,-0.000000,0.007027
0.005000,23.416771,-6.994692,1.417489,8.365711,24.972271,0.000000,0.007215
0.005000,23.458910,-6.994384,1.459629,8.490572,24.972271,-0.000000,0.007404
0.005000,23.501674,-6.994063,1.502394,8.615434,24.972271,0.000000,0.007594
0.005000,23.545062,-6.993729,1.545784,8.740295,24.972271,0.000000,0.007786
0.005000,23.589074,-6.993382,1.589797,8.865156,24.972271,0.000000,0.007979
0.005000,23.633711,-6.993022,1.634435,8.990018,24.972271,0.000000,0.008173
0.005000,23.678972,-6.992647,1.679697,9.114879,24.972271,-0.000000,0.008368
0.005000,23.724856,-6.992259,1.725584,9.239740,24.972271,0.000000,0.008565
0.005000,23.771366,-6.991856,1.772095,9.364602,24.972271,-0.000000,0.008762
0.005000,23.818499,-6.991438,1.819230,9.489463,24.972271,0.000000,0.008960
0.005000,23.866256,-6.991006,1.866989,9.614324,24.972271,-0.000000,0.009158
0.005000,23.914638,-6.990558,1.915373,9.739186,24.972271,0.000000,0.009358
0.005000,23.963644,-6.990094,1.964381,9.864047,24.972271,0.000000,0.009558
0.005000,24.013274,-6.989615,2.014014,9.988908,24.972271,0.000000,0.009759
0.005000,24.063528,-6.989119,2.064270,10.113770,24.972271,0.000000,0.009960
0.005000,24.114407,-6.988607,2.115151,10.238631,24.972271,0.000000,0.010162
0.005000,24.165909,-6.988079,2.166657,10.363493,24.972271,-0.000000,0.010364
0.005000,24.218036,-6.987533,2.218786,10.488354,24.972271,0.000000,0.010566
0.005000,24.270787,-6.986971,2.271540,10.613215,24.972271,-0.000000,0.010768
0.005000,24.324162,-6.986390,2.324918,10.738077,24.972271,0.000000,0.010971
0.005000,24.378161,-6.985793,2.378921,10.862938,24.972271,-0.000000,0.011174
0.005000,24.432785,-6.985177,2.433548,10.987799,24.972271,0.000000,0.011376
0.005000,24.488032,-6.984542,2.488799,11.112661,24.972271,0.000000,0.011579
0.005000,24.543904,-6.983890,2.544674,11.237522,24.972271,-0.000000,0.011782
0.005000,24.600400,-6.983218,2.601174,11.362383,24.972271,0.000000,0.011984
0.005000,24.657520,-6.982528,2.658298,11.487245,24.972271,-0.000000,0.012186
0.005000,24.715264,-6.981819,2.716047,11.612106,24.972271,0.000000,0.012387
0.005000,24.773632,-6.981090,2.774419,11.736967,24.972271,0.000000,0.012588
0.005000,24.832624,-6.980341,2.833416,11.861829,24.972271,0.000000,0.012788
0.005000,24.892240,-6.979573,2.893038,11.986690,24.972271,0.000000,0.012988
0.005000,24.952481,-6.978784,2.953283,12.111552,24.972271,0.000000,0.013187
0.005000,25.013345,-6.977976,3.014153,12.236413,24.972271,0.000000,0.013385
0.005000,25.074834,-6.977146,3.075647,12.361274,24.972271,-0.000000,0.013582
0.005000,25.136947,-6.976297,3.137766,12.486136,24.972271,0.000000,0.013778
0.005000,25.199683,-6.975426,3.200509,12.610997,24.972271,0.000000,0.013974
0.005000,25.263044,-6.974534,3.263876,12.735858,24.972271,0.000000,0.014167
0.005000,25.327029,-6.973622,3.327867,12.860720,24.972271,0.000000,0.014360
0.005000,25.391638,-6.972688,3.392483,12.985581,24.972271,-0.000000,0.014551
0.005000,25.456871,-6.971732,3.457723,13.110442,24.972271,0.000000,0.014741
0.005000,25.522728,-6.970755,3.523587,13.235304,24.972271,-0.000000,0.014930
0.005000,25.589210,-6.969756,3.590076,13.360165,24.972271,0.000000,0.015116
0.005000,25.656315,-6.968736,3.657189,13.485026,24.972271,0.000000,0.015301
0.005000,25.724044,-6.967693,3.724926,13.609888,24.972271,-0.000000,0.015484
0.005000,25.792397,-6.966628,3.793288,13.734749,24.972271,0.000000,0.015666
0.005000,25.861375,-6.965541,3.862274,13.859611,24.972271,-0.000000,0.015845
0.005000,25.930976,-6.964432,3.931884,13.984472,24.972271,0.000000,0.016022
0.005000,26.001201,-6.963301,4.002119,14.109333,24.972271,0.000000,0.016197
0.005000,26.072051,-6.962147,4.072977,14.234195,24.972271,0.000000,0.016369
0.005000,26.143524,-6.960971,4.144461,14.359056,24.972271,-0.000000,0.016540
0.005000,26.215622,-6.959772,4.216568,14.483917,24.972271,0.000000,0.016707
0.005000,26.288343,-6.958551,4.289300,14.608779,24.972271,0.000000,0.016873
0.005000,26.361689,-6.957307,4.362656,14.733640,24.972271,-0.000000,0.017035
0.005000,26.435658,-6.956041,4.436636,14.858501,24.972271,0.000000,0.017195
0.005000,26.510252,-6.954753,4.511241,14.983363,24.972271,0.000000,0.017351
0.005000,26.585469,-6.953442,4.586470,15.108224,24.972271,-0.000000,0.017505
0.005000,26.661311,-6.952108,4.662323,15.233085,24.972271,0.000000,0.017656
0.005000,26.737776,-6.950752,4.738801,15.357947,24.972271,0.000000,0.017803
0.005000,26.814866,-6.949374,4.815903,15.482808,24.972271,0.000000,0.017948
0.005000,26.892580,-6.947974,4.893629,15.607670,24.972271,-0.000000,0.018088
0.005000,26.970917,-6.946551,4.971979,15.732531,24.972271,0.000000,0.018226
0.005000,27.049879,-6.945106,5.050954,15.857392,24.972271,0.000000,0.018359
0.005000,27.129464,-6.943640,5.130553,15.982254,24.972271,-0.000000,0.018489
0.005000,27.209674,-6.942152,5.210777,16.107115,24.972271,0.000000,0.018615
0.005000,27.290508,-6.940642,5.291624,16.231976,24.972271,-0.000000,0.018737
0.005000,27.371965,-6.939110,5.373096,16.356838,24.972271,0.000000,0.018855
0.005000,27.454047,-6.937558,5.455193,16.481699,24.972271,0.000000,0.018969
0.005000,27.536753,-6.935984,5.537913,16.606560,24.972271,0.000000,0.019079
0.005000,27.620082,-6.934390,5.621258,16.731422,24.972271,0.000000,0.019184
0.005000,27.704036,-6.932775,5.705228,16.856283,24.972271,-0.000000,0.019285
0.005000,27.788614,-6.931139,5.789821,16.981144,24.972271,0.000000,0.019381
0.005000,27.873816,-6.929484,5.875039,17.106006,24.972271,-0.000000,0.019472
0.005000,27.959641,-6.927809,5.960881,17.230867,24.972271,0.000000,0.019558
0.005000,28.046091,-6.926114,6.047348,17.355728,24.972271,0.000000,0.019640
0.005000,28.133165,-6.924400,6.134438,17.480590,24.972271,-0.000000,0.019716
0.005000,28.220863,-6.922668,6.222154,17.605451,24.972271,0.000000,0.019787
0.005000,28.309185,-6.920917,6.310493,17.730313,24.972271,-0.000000,0.019853
0.005000,28.398131,-6.919148,6.399457,17.855174,24.972271,0.000000,0.019914
0.005000,28.487702,-6.917362,6.489045,17.980035,24.972271,-0.000000,0.019968
0.005000,28.577896,-6.915558,6.579257,18.104897,24.972271,0.000000,0.020017
0.005000,28.668714,-6.913738,6.670094,18.229758,24.972271,-0.000000,0.020060
0.005000,28.760157,-6.911902,6.761555,18.354619,24.972271,0.000000,0.020098
0.005000,28.852223,-6.910050,6.853640,18.479481,24.972271,-0.000000,0.020129
0.005000,28.944914,-6.908183,6.946349,18.604342,24.972271,0.000000,0.020154
0.005000,29.038229,-6.906301,7.039683,18.729203,24.972271,0.000000,0.020172
0.005000,29.132168,-6.904405,7.133641,18.854065,24.972271,0.000000,0.020185
0.005000,29.226731,-6.902496,7.228224,18.978926,24.972271,0.000000,0.020190
0.005000,29.321919,-6.900574,7.323431,19.103787,24.972271,-0.000000,0.020189
0.005000,29.417730,-6.898639,7.419262,19.228649,24.972271,0.000000,0.020181
0.005000,29.514166,-6.896694,7.515717,19.353510,24.972271,-0.000000,0.020166
0.005000,29.611226,-6.894737,7.612797,19.478372,24.972271,0.000000,0.020143
0.005000,29.708910,-6.892770,7.710501,19.603233,24.972271,0.000000,0.020114
0.005000,29.807219,-6.890795,7.808829,19.728094,24.972271,0.000000,0.020077
0.005000,29.906151,-6.888810,7.907782,19.852956,24.972271,0.000000,0.020032
0.005000,30.005708,-6.886818,8.007359,19.977817,24.972271,-0.000000,0.019980
0.005000,30.105890,-6.884819,8.107560,20.102678,24.972271,0.000000,0.019920
0.005000,30.206695,-6.882814,8.208386,20.227540,24.972271,-0.000000,0.019852
0.005000,30.308125,-6.880804,8.309835,20.352401,24.972271,0.000000,0.019776
0.005000,30.410180,-6.878790,8.411910,20.477262,24.972271,0.000000,0.019692
0.005000,30.512858,-6.876772,8.514608,20.602124,24.972271,-0.000000,0.019599
0.005000,30.616161,-6.874753,8.617931,20.726985,24.972271,0.000000,0.019497
0.005000,30.720089,-6.872732,8.721878,20.851846,24.972271,-0.000000,0.019387
0.005000,30.824641,-6.870711,8.826449,20.976708,24.972271,0.000000,0.019268
0.005000,30.929817,-6.868691,8.931645,21.101569,24.972271,-0.000000,0.019140
0.005000,31.035618,-6.866672,9.037465,21.226431,24.972271,0.000000,0.019003
0.005000,31.142043,-6.864658,9.143909,21.351292,24.972271,0.000000,0.018856
0.005000,31.249093,-6.862647,9.250978,21.476153,24.972271,-0.000000,0.018700
0.005000,31.356767,-6.860642,9.358671,21.601015,24.972271,0.000000,0.018534
0.005000,31.465066,-6.858644,9.466988,21.725876,24.972271,-0.000000,0.018359
0.005000,31.573989,-6.856654,9.575930,21.850737,24.972271,0.000000,0.018173
0.005000,31.683537,-6.854674,9.685495,21.975599,24.972271,-0.000000,0.017977
0.005000,31.793709,-6.852704,9.795686,22.100460,24.972271,0.000000,0.017771
0.005000,31.904507,-6.850747,9.906500,22.225321,24.972271,0.000000,0.017554
0.005000,32.015928,-6.848804,10.017939,22.350183,24.972271,-0.000000,0.017327
0.005000,32.127975,-6.846875,10.130002,22.475044,24.972271,0.000000,0.017089
0.005000,32.240646,-6.844963,10.242689,22.599905,24.972271,0.000000,0.016840
0.005000,32.353942,-6.843070,10.356001,22.724767,24.972271,0.000000,0.016580
0.005000,32.467863,-6.841197,10.469937,22.849628,24.972271,-0.000000,0.016308
0.005000,32.582408,-6.839345,10.584497,22.974490,24.972271,0.000000,0.016025
0.005000,32.697578,-6.837516,10.699682,23.099351,24.972271,-0.000000,0.015730
0.005000,32.813373,-6.835712,10.815491,23.224212,24.972271,0.000000,0.015423
0.005000,32.929792,-6.833935,10.931924,23.349074,24.972271,-0.000000,0.015104
0.005000,33.046837,-6.832186,11.048981,23.473935,24.972271,0.000000,0.014772
0.005000,33.164506,-6.830468,11.166663,23.598796,24.972271,0.000000,0.014428
0.005000,33.282800,-6.828782,11.284969,23.723658,24.972271,-0.000000,0.014072
0.005000,33.401719,-6.827130,11.403900,23.848519,24.972271,0.000000,0.013702
0.005000,33.521263,-6.825515,11.523455,23.973380,24.972271,-0.000000,0.013320
0.005000,33.641432,-6.823938,11.643634,24.098242,24.972271,0.000000,0.012924
0.005000,33.762225,-6.822401,11.764437,24.223103,24.972271,-0.000000,0.012515
0.005000,33.883644,-6.820907,11.885865,24.347964,24.972271,0.000000,0.012092
0.005000,34.005687,-6.819458,12.007917,24.472826,24.972271,0.000000,0.011655
0.005000,34.128356,-6.818056,12.130593,24.597687,24.972271,-0.000000,0.011203
0.005000,34.251649,-6.816703,12.253893,24.722549,24.972271,0.000000,0.010738
0.005000,34.375567,-6.815402,12.377818,24.847410,24.972271,-0.000000,0.010258
0.005000,34.500110,-6.814155,12.502368,24.972271,24.972271,0.000000,0.009763
0.005000,34.625278,-6.812965,12.627541,25.097133,24.972271,-0.000000,0.009253
0.005000,34.751070,-6.811834,12.753339,25.221994,24.972271,0.000000,0.008728
0.005000,34.877488,-6.810764,12.879761,25.346855,24.972271,0.000000,0.008187
0.005000,35.004530,-6.809759,13.006807,25.471717,24.972271,-0.000000,0.007631
0.005000,35.132198,-6.808821,13.134478,25.596578,24.972271,0.000000,0.007059
0.005000,35.260490,-6.807953,13.262773,25.721439,24.972271,0.000000,0.006470
0.005000,35.389407,-6.807158,13.391693,25.846301,24.972271,-0.000000,0.005865
0.005000,35.518948,-6.806438,13.521236,25.971162,24.972271,0.000000,0.005244
0.005000,35.649115,-6.805797,13.651404,26.096023,24.972271,0.000000,0.004605
0.005000,35.779906,-6.805238,13.782196,26.220885,24.972271,-0.000000,0.003949
0.005000,35.911321,-6.804763,13.913613,26.345746,24.972271,0.000000,0.003276
0.005000,36.043362,-6.804376,14.045654,26.470607,24.972271,0.000000,0.002585
0.005000,36.176027,-6.804080,14.178319,26.595469,24.972271,0.000000,0.001876
0.005000,36.309316,-6.803878,14.311609,26.720330,24.972271,-0.000000,0.001149
0.005000,36.443230,-6.803774,14.445522,26.845192,24.972271,0.000000,0.000403
0.005000,36.577768,-6.803771,14.580061,26.970053,24.972271,0.000000,6.282824
0.005000,36.712930,-6.803873,14.715223,27.094914,24.972271,-0.000000,6.282040
0.005000,36.848717,-6.804082,14.851010,27.219776,24.972271,0.000000,6.281237
0.005000,36.985127,-6.804404,14.987421,27.344637,24.972271,0.000000,6.280414
0.005000,37.122162,-6.804842,15.124456,27.469498,24.972271,0.000000,6.279571
0.005000,37.259821,-6.805398,15.262116,27.594360,24.972271,-0.000000,6.278708
0.005000,37.398103,-6.806079,15.400400,27.719221,24.972271,0.000000,6.277824
0.005000,37.537009,-6.806886,15.539308,27.844082,24.972271,-0.000000,6.276919
0.005000,37.676538,-6.807825,15.678840,27.968944,24.972271,0.000000,6.275993
0.005000,37.816691,-6.808899,15.818997,28.093805,24.972271,0.000000,6.275045
0.005000,37.957467,-6.810113,15.959779,28.218666,24.972271,0.000000,6.274076
0.005000,38.098866,-6.811471,16.101184,28.343528,24.972271,0.000000,6.273084
0.005000,38.240888,-6.812978,16.243214,28.468389,24.972271,-0.000000,6.272069
0.005000,38.383532,-6.814637,16.385868,28.593251,24.972271,0.000000,6.271032
0.005000,38.526799,-6.816454,16.529146,28.718112,24.972271,0.000000,6.269971
0.005000,38.670688,-6.818433,16.673049,28.842973,24.972271,-0.000000,6.268887
0.005000,38.815199,-6.820580,16.817576,28.967835,24.972271,0.000000,6.267779
0.005000,38.960332,-6.822898,16.962727,29.092696,24.972271,-0.000000,6.266646
0.005000,39.106086,-6.825393,17.108503,29.217557,24.972271,0.000000,6.265488
0.005000,39.252462,-6.828070,17.254903,29.342419,24.972271,-0.000000,6.264306
0.005000,39.399458,-6.830934,17.401927,29.467280,24.972271,0.000000,6.263098
0.005000,39.547075,-6.833990,17.549576,29.592141,24.972271,0.000000,6.261863
0.005000,39.695312,-6.837245,17.697849,29.717003,24.972271,-0.000000,6.260603
0.005000,39.844169,-6.840703,17.846746,29.841864,24.972271,0.000000,6.259315
0.005000,39.993646,-6.844369,17.996267,29.966725,24.972271,0.000000,6.258001
0.005000,40.143741,-6.848251,18.146413,30.091587,24.972271,0.000000,6.256659
0.005000,40.294455,-6.852353,18.297183,30.216448,24.972271,-0.000000,6.255289
0.005000,40.445788,-6.856681,18.448578,30.341310,24.972271,0.000000,6.253890
0.005000,40.597738,-6.861242,18.600596,30.466171,24.972271,0.000000,6.252462
0.005000,40.750306,-6.866042,18.753239,30.591032,24.972271,-0.000000,6.251005
0.005000,40.903490,-6.871087,18.906507,30.715894,24.972271,0.000000,6.249518
0.005000,41.057290,-6.876383,19.060398,30.840755,24.972271,0.000000,6.248000
0.005000,41.211706,-6.881938,19.214914,30.965616,24.972271,0.000000,6.246452
0.005000,41.366737,-6.887758,19.370054,31.090478,24.972271,-0.000000,6.244872
0.005000,41.522383,-6.893849,19.525819,31.215339,24.972271,0.000000,6.243261
0.005000,41.678642,-6.900219,19.682208,31.340200,24.972271,0.000000,6.241617
0.005000,41.835514,-6.906875,19.839221,31.465062,24.972271,-0.000000,6.239940
0.005000,41.992998,-6.913825,19.996858,31.589923,24.972271,0.000000,6.238230
0.005000,42.151094,-6.921075,20.155120,31.714784,24.972271,-0.000000,6.236485
0.005000,42.309800,-6.928633,20.314006,31.839646,24.972271,0.000000,6.234706
0.005000,42.469116,-6.936507,20.473517,31.964507,24.972271,-0.000000,6.232892
0.005000,42.629040,-6.944705,20.633651,32.089369,24.972271,0.000000,6.231042
0.005000,42.789573,-6.953234,20.794410,32.214230,24.972271,0.000000,6.229156
0.005000,42.950712,-6.962104,20.955794,32.339091,24.972271,-0.000000,6.227233
0.005000,43.112457,-6.971322,21.117801,32.463953,24.972271,0.000000,6.225273
0.005000,43.274807,-6.980897,21.280433,32.588814,24.972271,0.000000,6.223274
0.005000,43.437760,-6.990837,21.443689,32.713675,24.972271,-0.000000,6.221237
0.005000,43.601316,-7.001153,21.607570,32.838537,24.972271,0.000000,6.219160
0.005000,43.765472,-7.011851,21.772075,32.963398,24.972271,0.000000,6.217043
0.005000,43.930229,-7.022943,21.937204,33.088259,24.972271,0.000000,6.214885
0.005000,44.095583,-7.034436,22.102957,33.213121,24.972271,-0.000000,6.212686
0.005000,44.261534,-7.046341,22.269335,33.337982,24.972271,0.000000,6.210445
0.005000,44.428081,-7.058668,22.436337,33.462843,24.972271,0.000000,6.208160
0.005000,44.595221,-7.071427,22.603963,33.587705,24.972271,-0.000000,6.205833
0.005000,44.762953,-7.084627,22.772214,33.712566,24.972271,0.000000,6.203460
0.005000,44.931275,-7.098279,22.941089,33.837428,24.972271,0.000000,6.201043
0.005000,45.100186,-7.112394,23.110588,33.962289,24.972271,0.000000,6.198580
0.005000,45.269683,-7.126982,23.280712,34.087150,24.972271,-0.000000,6.196070
0.005000,45.439764,-7.142055,23.451460,34.212012,24.972271,0.000000,6.193513
0.005000,45.610427,-7.157624,23.622832,34.336873,24.972271,0.000000,6.190907
0.005000,45.781671,-7.173699,23.794829,34.461734,24.972271,-0.000000,6.188253
0.005000,45.953492,-7.190294,23.967449,34.586596,24.972271,0.000000,6.185548
0.005000,46.125889,-7.207419,24.140695,34.711457,24.972271,0.000000,6.182792
0.005000,46.298858,-7.225087,24.314564,34.836318,24.972271,-0.000000,6.179985
0.005000,46.472398,-7.243311,24.489058,34.961180,24.972271,0.000000,6.177125
0.005000,46.646505,-7.262102,24.664176,35.086041,24.972271,0.000000,6.174212
0.005000,46.821176,-7.281474,24.839918,35.210902,24.972271,0.000000,6.171244
0.005000,46.996409,-7.301440,25.016285,35.335764,24.972271,0.000000,6.168221
0.005000,47.172200,-7.322013,25.193276,35.460625,24.972271,-0.000000,6.165141
0.005000,47.348546,-7.343206,25.370891,35.585486,24.972271,0.000000,6.162004
0.005000,47.525444,-7.365035,25.549131,35.710348,24.972271,0.000000,6.158808
0.005000,47.702890,-7.387512,25.727995,35.835209,24.972271,0.000000,6.155554
0.005000,47.880880,-7.410653,25.907483,35.960071,24.972271,-0.000000,6.152238
0.005000,48.059410,-7.434471,26.087595,36.084932,24.972271,0.000000,6.148861
0.005000,48.238477,-7.458983,26.268332,36.209793,24.972271,0.000000,6.145422
0.005000,48.418076,-7.484203,26.449693,36.334655,24.972271,-0.000000,6.141919
0.005000,48.598203,-7.510146,26.631679,36.459516,24.972271,0.000000,6.138351
0.005000,48.778853,-7.536829,26.814288,36.584377,24.972271,0.000000,6.134718
0.005000,48.960020,-7.564268,26.997522,36.709239,24.972271,0.000000,6.131017
0.005000,49.141701,-7.592479,27.181381,36.834100,24.972271,-0.000000,6.127248
0.005000,49.323890,-7.621479,27.365863,36.958961,24.972271,0.000000,6.123410
0.005000,49.506582,-7.651285,27.550970,37.083823,24.972271,0.000000,6.119501
0.005000,49.689770,-7.681915,27.736702,37.208684,24.972271,-0.000000,6.115520
0.005000,49.873449,-7.713386,27.923057,37.333545,24.972271,0.000000,6.111466
0.005000,50.057612,-7.745715,28.110037,37.458407,24.972271,0.000000,6.107338
0.005000,50.242254,-7.778922,28.297641,37.583268,24.972271,0.000000,6.103135
0.005000,50.427367,-7.813025,28.485870,37.708130,24.972271,-0.000000,6.098854
0.005000,50.612945,-7.848044,28.674723,37.832991,24.972271,0.000000,6.094495
0.005000,50.798980,-7.883996,28.864200,37.957852,24.972271,0.000000,6.090057
0.005000,50.985464,-7.920903,29.054301,38.082714,24.972271,-0.000000,6.085538
0.005000,51.172390,-7.958783,29.245027,38.207575,24.972271,0.000000,6.080937
0.005000,51.359749,-7.997658,29.436377,38.332436,24.972271,0.000000,6.076252
0.005000,51.547533,-8.037548,29.628351,38.457298,24.972271,0.000000,6.071482
0.005000,51.735733,-8.078474,29.820950,38.582159,24.972271,-0.000000,6.066626
0.005000,51.924340,-8.120457,30.014173,38.707020,24.972271,0.000000,6.061682
0.005000,52.113343,-8.163519,30.208020,38.831882,24.972271,0.000000,6.056649
0.005000,52.302734,-8.207682,30.402492,38.956743,24.972271,-0.000000,6.051526
0.005000,52.492489,-8.252966,30.597575,39.076610,23.973380,-199.778170,6.046311
0.005000,52.682572,-8.299386,30.793245,39.191482,22.974490,-199.778170,6.041004
0.005000,52.872950,-8.346959,30.989477,39.301360,21.975599,-199.778170,6.035603
0.005000,53.063586,-8.395702,31.186246,39.406244,20.976708,-199.778170,6.030109
0.005000,53.254444,-8.445630,31.383527,39.506133,19.977817,-199.778170,6.024521
0.005000,53.445489,-8.496759,31.581295,39.601028,18.978926,-199.778170,6.018838
0.005000,53.636682,-8.549104,31.779525,39.690928,17.980035,-199.778170,6.013059
0.005000,53.827989,-8.602679,31.978192,39.775834,16.981144,-199.778170,6.007185
0.005000,54.019370,-8.657500,32.177271,39.855745,15.982254,-199.778170,6.001214
0.005000,54.210790,-8.713581,32.376737,39.930662,14.983363,-199.778170,5.995147
0.005000,54.402210,-8.770935,32.576565,40.000584,13.984472,-199.778170,5.988983
0.005000,54.593593,-8.829576,32.776730,40.065512,12.985581,-199.778170,5.982722
0.005000,54.784899,-8.889517,32.977208,40.125445,11.986690,-199.778170,5.976364
0.005000,54.976091,-8.950770,33.177972,40.180384,10.987799,-199.778170,5.969909
0.005000,55.167130,-9.013346,33.378999,40.230329,9.988908,-199.778170,5.963356
0.005000,55.357976,-9.077258,33.580263,40.275279,8.990018,-199.778170,5.956707
0.005000,55.548591,-9.142515,33.781739,40.315235,7.991127,-199.778170,5.949960
0.005000,55.738935,-9.209128,33.983403,40.350196,6.992236,-199.778170,5.943117
0.005000,55.928968,-9.277106,34.185229,40.380163,5.993345,-199.778170,5.936177
0.005000,56.118650,-9.346457,34.387192,40.405135,4.994454,-199.778170,5.929141
0.005000,56.307942,-9.417189,34.589268,40.425113,3.995563,-199.778170,5.922011
0.005000,56.496803,-9.489309,34.791431,40.440096,2.996673,-199.778170,5.914786
0.005000,56.685192,-9.562823,34.993656,40.450085,1.997782,-199.778170,5.907467
0.005000,56.873070,-9.637737,35.195919,40.455079,0.998891,-199.778170,5.900055
0.005000,57.060391,-9.714053,35.398190,40.453285,-0.358966,-271.571451,5.892551
0.005000,57.247111,-9.791772,35.600439,40.446495,-1.357857,-199.778170,5.884958
0.005000,57.433189,-9.870897,35.802642,40.434712,-2.356748,-199.778170,5.877275
0.005000,57.618585,-9.951429,36.004774,40.417933,-3.355639,-199.778170,5.869504
0.005000,57.803258,-10.033368,36.206809,40.396161,-4.354530,-199.778170,5.861648
0.005000,57.987167,-10.116713,36.408723,40.369394,-5.353421,-199.778170,5.853707
0.005000,58.170272,-10.201462,36.610491,40.337632,-6.352312,-199.778170,5.845683
0.005000,58.352533,-10.287612,36.812087,40.300876,-7.351202,-199.778170,5.837579
0.005000,58.533910,-10.375158,37.013487,40.259126,-8.350093,-199.778170,5.829396
0.005000,58.714362,-10.464094,37.214666,40.212381,-9.348984,-199.778170,5.821137
0.005000,58.893850,-10.554413,37.415598,40.160641,-10.347875,-199.778170,5.812803
0.005000,59.072335,-10.646108,37.616260,40.103907,-11.346766,-199.778170,5.804398
0.005000,59.249778,-10.739168,37.816625,40.042179,-12.345657,-199.778170,5.795924
0.005000,59.426139,-10.833583,38.016669,39.975456,-13.344547,-199.778170,5.787383
0.005000,59.601380,-10.929340,38.216367,39.903739,-14.343438,-199.778170,5.778779
0.005000,59.775465,-11.026426,38.415694,39.827028,-15.342329,-199.778170,5.770115
0.005000,59.948354,-11.124826,38.614625,39.745321,-16.341220,-199.778170,5.761393
0.005000,60.120012,-11.224523,38.813135,39.658621,-17.340111,-199.778170,5.752617
0.005000,60.290402,-11.325499,39.011199,39.566926,-18.339002,-199.778170,5.743790
0.005000,60.459488,-11.427736,39.208791,39.470236,-19.337893,-199.778170,5.734916
0.005000,60.627237,-11.531213,39.405888,39.368553,-20.336783,-199.778170,5.725998
0.005000,60.793613,-11.635908,39.602464,39.261874,-21.335674,-199.778170,5.717040
0.005000,60.958583,-11.741797,39.798495,39.150201,-22.334565,-199.778170,5.708046
0.005000,61.122114,-11.848855,39.993954,39.033534,-23.333456,-199.778170,5.699020
0.005000,61.284176,-11.957057,40.188817,38.911872,-24.332347,-199.778170,5.689964
0.005000,61.444740,-12.066377,40.383065,38.787011,-24.972271,-127.984888,5.680884
0.005000,61.603791,-12.176796,40.576688,38.662150,-24.972271,0.000000,5.671783
0.005000,61.761320,-12.288299,40.769686,38.537288,-24.972271,-0.000000,5.662663
0.005000,61.917318,-12.400869,40.962060,38.412427,-24.972271,0.000000,5.653527
0.005000,62.071777,-12.514492,41.153810,38.287566,-24.972271,-0.000000,5.644379
0.005000,62.224691,-12.629149,41.344936,38.162704,-24.972271,0.000000,5.635221
0.005000,62.376052,-12.744822,41.535438,38.037843,-24.972271,0.000000,5.626056
0.005000,62.525853,-12.861495,41.725315,37.912981,-24.972271,0.000000,5.616888
0.005000,62.674090,-12.979148,41.914567,37.788120,-24.972271,0.000000,5.607719
0.005000,62.820756,-13.097763,42.103196,37.663259,-24.972271,-0.000000,5.598553
0.005000,62.965847,-13.217320,42.291200,37.538397,-24.972271,0.000000,5.589391
0.005000,63.109360,-13.337799,42.478580,37.413536,-24.972271,0.000000,5.580238
0.005000,63.251289,-13.459180,42.665335,37.288675,-24.972271,-0.000000,5.571097
0.005000,63.391634,-13.581442,42.851466,37.163813,-24.972271,0.000000,5.561969
0.005000,63.530390,-13.704565,43.036973,37.038952,-24.972271,0.000000,5.552859
0.005000,63.667557,-13.828527,43.221856,36.914091,-24.972271,-0.000000,5.543768
0.005000,63.803134,-13.953306,43.406114,36.789229,-24.972271,0.000000,5.534700
0.005000,63.937119,-14.078881,43.589748,36.664368,-24.972271,0.000000,5.525658
0.005000,64.069514,-14.205230,43.772758,36.539507,-24.972271,0.000000,5.516644
0.005000,64.200319,-14.332329,43.955143,36.414645,-24.972271,-0.000000,5.507660
0.005000,64.329535,-14.460158,44.136904,36.289784,-24.972271,0.000000,5.498710
0.005000,64.457164,-14.588692,44.318041,36.164922,-24.972271,0.000000,5.489796
0.005000,64.583209,-14.717910,44.498554,36.040061,-24.972271,-0.000000,5.480920
0.005000,64.707672,-14.847788,44.678442,35.915200,-24.972271,0.000000,5.472085
0.005000,64.830558,-14.978304,44.857706,35.790338,-24.972271,0.000000,5.463294
0.005000,64.951871,-15.109434,45.036345,35.665477,-24.972271,0.000000,5.454547
0.005000,65.071616,-15.241155,45.214360,35.540616,-24.972271,-0.000000,5.445848
0.005000,65.189798,-15.373444,45.391751,35.415754,-24.972271,0.000000,5.437199
0.005000,65.306422,-15.506279,45.568518,35.290893,-24.972271,0.000000,5.428601
0.005000,65.421496,-15.639635,45.744660,35.166032,-24.972271,-0.000000,5.420057
0.005000,65.535026,-15.773491,45.920178,35.041170,-24.972271,0.000000,5.411568
0.005000,65.647020,-15.907823,46.095072,34.916309,-24.972271,0.000000,5.403136
0.005000,65.757485,-16.042608,46.269341,34.791448,-24.972271,0.000000,5.394762
0.005000,65.866430,-16.177824,46.442986,34.666586,-24.972271,-0.000000,5.386449
0.005000,65.973864,-16.313448,46.616007,34.541725,-24.972271,0.000000,5.378198
0.005000,66.079796,-16.449458,46.788404,34.416863,-24.972271,0.000000,5.370010
0.005000,66.184236,-16.585832,46.960176,34.292002,-24.972271,-0.000000,5.361887
0.005000,66.287193,-16.722548,47.131324,34.167141,-24.972271,0.000000,5.353829
0.005000,66.388678,-16.859584,47.301847,34.042279,-24.972271,0.000000,5.345838
0.005000,66.488703,-16.996919,47.471747,33.917418,-24.972271,0.000000,5.337916
0.005000,66.587277,-17.134530,47.641021,33.792557,-24.972271,-0.000000,5.330062
0.005000,66.684412,-17.272398,47.809672,33.667695,-24.972271,0.000000,5.322277
0.005000,66.780121,-17.410502,47.977698,33.542834,-24.972271,0.000000,5.314564
0.005000,66.874415,-17.548820,48.145100,33.417973,-24.972271,-0.000000,5.306922
0.005000,66.967307,-17.687333,48.311878,33.293111,-24.972271,0.000000,5.299352
0.005000,67.058808,-17.826021,48.478032,33.168250,-24.972271,0.000000,5.291854
0.005000,67.148932,-17.964864,48.643561,33.043389,-24.972271,0.000000,5.284430
0.005000,67.237693,-18.103842,48.808465,32.918527,-24.972271,-0.000000,5.277079
0.005000,67.325102,-18.242938,48.972746,32.793666,-24.972271,0.000000,5.269802
0.005000,67.411173,-18.382132,49.136402,32.668804,-24.972271,0.000000,5.262600
0.005000,67.495920,-18.521406,49.299434,32.543943,-24.972271,-0.000000,5.255472
0.005000,67.579357,-18.660741,49.461842,32.419082,-24.972271,0.000000,5.248418
0.005000,67.661498,-18.800121,49.623625,32.294220,-24.972271,0.000000,5.241440
0.005000,67.742356,-18.939527,49.784784,32.169359,-24.972271,-0.000000,5.234537
0.005000,67.821945,-19.078943,49.945318,32.044498,-24.972271,0.000000,5.227708
0.005000,67.900280,-19.218352,50.105229,31.919636,-24.972271,0.000000,5.220955
0.005000,67.977374,-19.357738,50.264515,31.794775,-24.972271,0.000000,5.214276
0.005000,68.053243,-19.497084,50.423176,31.669914,-24.972271,-0.000000,5.207672
0.005000,68.127900,-19.636375,50.581214,31.545052,-24.972271,0.000000,5.201142
0.005000,68.201360,-19.775596,50.738627,31.420191,-24.972271,0.000000,5.194687
0.005000,68.273637,-19.914732,50.895416,31.295330,-24.972271,-0.000000,5.188307
0.005000,68.344745,-20.053767,51.051580,31.170468,-24.972271,0.000000,5.181999
0.005000,68.414700,-20.192688,51.207120,31.045607,-24.972271,0.000000,5.175766
0.005000,68.483515,-20.331480,51.362036,30.920746,-24.972271,0.000000,5.169605
0.005000,68.551205,-20.470131,51.516328,30.795884,-24.972271,-0.000000,5.163517
0.005000,68.617784,-20.608625,51.669995,30.671023,-24.972271,0.000000,5.157502
0.005000,68.683267,-20.746951,51.823038,30.546161,-24.972271,0.000000,5.151558
0.005000,68.747668,-20.885096,51.975457,30.421300,-24.972271,-0.000000,5.145686
0.005000,68.811000,-21.023047,52.127251,30.296439,-24.972271,0.000000,5.139884
0.005000,68.873279,-21.160792,52.278421,30.171577,-24.972271,0.000000,5.134153
0.005000,68.934518,-21.298319,52.428967,30.046716,-24.972271,0.000000,5.128492
0.005000,68.994732,-21.435617,52.578888,29.921855,-24.972271,-0.000000,5.122900
0.005000,69.053934,-21.572674,52.728185,29.796993,-24.972271,0.000000,5.117376
0.005000,69.112139,-21.709479,52.876858,29.672132,-24.972271,0.000000,5.111921
0.005000,69.169360,-21.846023,53.024907,29.547271,-24.972271,-0.000000,5.106533
0.005000,69.225610,-21.982294,53.172331,29.422409,-24.972271,0.000000,5.101211
0.005000,69.280904,-22.118282,53.319131,29.297548,-24.972271,0.000000,5.095956
0.005000,69.335255,-22.253977,53.465306,29.172687,-24.972271,0.000000,5.090767
0.005000,69.388677,-22.389370,53.610858,29.047825,-24.972271,-0.000000,5.085642
0.005000,69.441182,-22.524452,53.755785,28.922964,-24.972271,0.000000,5.080582
0.005000,69.492783,-22.659212,53.900087,28.798102,-24.972271,0.000000,5.075585
0.005000,69.543495,-22.793644,54.043766,28.673241,-24.972271,-0.000000,5.070651
0.005000,69.593330,-22.927737,54.186820,28.548380,-24.972271,0.000000,5.065779
0.005000,69.642300,-23.061483,54.329250,28.423518,-24.972271,-0.000000,5.060969
0.005000,69.690418,-23.194875,54.471055,28.298657,-24.972271,0.000000,5.056219
0.005000,69.737698,-23.327904,54.612236,28.173796,-24.972271,-0.000000,5.051530
0.005000,69.784150,-23.460563,54.752793,28.048934,-24.972271,0.000000,5.046900
0.005000,69.829788,-23.592844,54.892725,27.924073,-24.972271,-0.000000,5.042328
0.005000,69.874624,-23.724739,55.032034,27.799212,-24.972271,0.000000,5.037815
0.005000,69.918670,-23.856243,55.170718,27.674350,-24.972271,-0.000000,5.033359
0.005000,69.961937,-23.987347,55.308777,27.549489,-24.972271,-0.000000,5.028959
0.005000,70.004438,-24.118046,55.446212,27.424628,-24.972271,0.000000,5.024616
0.005000,70.046183,-24.248332,55.583023,27.299766,-24.972271,0.000000,5.020328
0.005000,70.087186,-24.378200,55.719210,27.174905,-24.972271,0.000000,5.016094
0.005000,70.127456,-24.507643,55.854772,27.050043,-24.972271,0.000000,5.011914
0.005000,70.167005,-24.636655,55.989711,26.925182,-24.972271,0.000000,5.007787
0.005000,70.205844,-24.765230,56.124024,26.800321,-24.972271,-0.000000,5.003713
0.005000,70.243985,-24.893364,56.257714,26.675459,-24.972271,0.000000,4.999690
0.005000,70.281437,-25.021049,56.390779,26.550598,-24.972271,0.000000,4.995719
0.005000,70.318212,-25.148282,56.523220,26.425737,-24.972271,-0.000000,4.991798
0.005000,70.354319,-25.275057,56.655036,26.300875,-24.972271,0.000000,4.987927
0.005000,70.389770,-25.401368,56.786228,26.176014,-24.972271,0.000000,4.984105
0.005000,70.424575,-25.527212,56.916796,26.051153,-24.972271,0.000000,4.980332
0.005000,70.458744,-25.652582,57.046740,25.926291,-24.972271,-0.000000,4.976606
0.005000,70.492286,-25.777476,57.176059,25.801430,-24.972271,0.000000,4.972928
0.005000,70.525212,-25.901888,57.304754,25.676569,-24.972271,-0.000000,4.969296
0.005000,70.557531,-26.025813,57.432825,25.551707,-24.972271,-0.000000,4.965711
0.005000,70.589253,-26.149249,57.560271,25.426846,-24.972271,0.000000,4.962170
0.005000,70.620387,-26.272190,57.687093,25.301984,-24.972271,0.000000,4.958675
0.005000,70.650943,-26.394632,57.813291,25.177123,-24.972271,-0.000000,4.955223
0.005000,70.680930,-26.516573,57.938865,25.052262,-24.972271,0.000000,4.951815
0.005000,70.710356,-26.638007,58.063814,24.927400,-24.972271,0.000000,4.948450
0.005000,70.739232,-26.758932,58.188139,24.802539,-24.972271,-0.000000,4.945128
0.005000,70.767565,-26.879344,58.311839,24.677678,-24.972271,0.000000,4.941847
0.005000,70.795364,-26.999240,58.434915,24.552816,-24.972271,-0.000000,4.938608
0.005000,70.822638,-27.118616,58.557367,24.427955,-24.972271,0.000000,4.935409
0.005000,70.849395,-27.237468,58.679195,24.303094,-24.972271,-0.000000,4.932250
0.005000,70.875644,-27.355795,58.800398,24.178232,-24.972271,0.000000,4.929131
0.005000,70.901393,-27.473593,58.920977,24.053371,-24.972271,0.000000,4.926051
0.005000,70.926650,-27.590858,59.040932,23.928510,-24.972271,-0.000000,4.923009
0.005000,70.951422,-27.707589,59.160262,23.803648,-24.972271,0.000000,4.920006
0.005000,70.975718,-27.823782,59.278969,23.678787,-24.972271,-0.000000,4.917039
0.005000,70.999546,-27.939435,59.397050,23.553926,-24.972271,0.000000,4.914110
0.005000,71.022913,-28.054545,59.514508,23.429064,-24.972271,-0.000000,4.911217
0.005000,71.045826,-28.169109,59.631341,23.304203,-24.972271,0.000000,4.908361
0.005000,71.068293,-28.283125,59.747550,23.179341,-24.972271,0.000000,4.905539
0.005000,71.090321,-28.396591,59.863134,23.054480,-24.972271,-0.000000,4.902753
0.005000,71.111918,-28.509505,59.978095,22.929619,-24.972271,0.000000,4.900001
0.005000,71.133090,-28.621863,60.092431,22.804757,-24.972271,-0.000000,4.897283
0.005000,71.153845,-28.733664,60.206142,22.679896,-24.972271,0.000000,4.894599
0.005000,71.174190,-28.844907,60.319230,22.555035,-24.972271,-0.000000,4.891948
0.005000,71.194130,-28.955588,60.431693,22.430173,-24.972271,0.000000,4.889330
0.005000,71.213673,-29.065706,60.543531,22.305312,-24.972271,-0.000000,4.886744
0.005000,71.232826,-29.175259,60.654746,22.180451,-24.972271,0.000000,4.884190
0.005000,71.251594,-29.284244,60.765336,22.055589,-24.972271,-0.000000,4.881667
0.005000,71.269985,-29.392661,60.875302,21.930728,-24.972271,0.000000,4.879175
0.005000,71.288004,-29.500508,60.984643,21.805867,-24.972271,0.000000,4.876714
0.005000,71.305659,-29.607782,61.093360,21.681005,-24.972271,-0.000000,4.874283
0.005000,71.322954,-29.714482,61.201453,21.556144,-24.972271,0.000000,4.871881
0.005000,71.339895,-29.820607,61.308922,21.431282,-24.972271,-0.000000,4.869509
0.005000,71.356490,-29.926155,61.415766,21.306421,-24.972271,0.000000,4.867166
0.005000,71.372743,-30.031124,61.521986,21.181560,-24.972271,-0.000000,4.864852
0.005000,71.388661,-30.135513,61.627582,21.056698,-24.972271,0.000000,4.862566
0.005000,71.404249,-30.239320,61.732553,20.931837,-24.972271,0.000000,4.860308
0.005000,71.419512,-30.342545,61.836900,20.806976,-24.972271,-0.000000,4.858077
0.005000,71.434457,-30.445185,61.940623,20.682114,-24.972271,0.000000,4.855873
0.005000,71.449088,-30.547240,62.043721,20.557253,-24.972271,-0.000000,4.853696
0.005000,71.463411,-30.648708,62.146195,20.432392,-24.972271,0.000000,4.851546
0.005000,71.477431,-30.749589,62.248045,20.307530,-24.972271,-0.000000,4.849422
0.005000,71.491154,-30.849880,62.349270,20.182669,-24.972271,0.000000,4.847323
0.005000,71.504583,-30.949580,62.449872,20.057808,-24.972271,0.000000,4.845250
0.005000,71.517726,-31.048690,62.549849,19.932946,-24.972271,-0.000000,4.843202
0.005000,71.530586,-31.147206,62.649201,19.808085,-24.972271,0.000000,4.841179
0.005000,71.543168,-31.245130,62.747929,19.683223,-24.972271,-0.000000,4.839181
0.005000,71.555477,-31.342458,62.846033,19.558362,-24.972271,0.000000,4.837206
0.005000,71.567518,-31.439191,62.943513,19.433501,-24.972271,0.000000,4.835256
0.005000,71.579296,-31.535328,63.040368,19.308639,-24.972271,0.000000,4.833329
0.005000,71.590815,-31.630867,63.136599,19.183778,-24.972271,0.000000,4.831426
0.005000,71.602080,-31.725808,63.232206,19.058917,-24.972271,-0.000000,4.829545
0.005000,71.613094,-31.820150,63.327189,18.934055,-24.972271,0.000000,4.827687
0.005000,71.623863,-31.913891,63.421547,18.809194,-24.972271,-0.000000,4.825852
0.005000,71.634391,-32.007032,63.515280,18.684333,-24.972271,0.000000,4.824039
0.005000,71.644682,-32.099571,63.608390,18.559471,-24.972271,0.000000,4.822247
0.005000,71.654741,-32.191507,63.700875,18.434610,-24.972271,-0.000000,4.820478
0.005000,71.664571,-32.282841,63.792736,18.309749,-24.972271,0.000000,4.818730
0.005000,71.674176,-32.373570,63.883973,18.184887,-24.972271,-0.000000,4.817002
0.005000,71.683561,-32.463695,63.974585,18.060026,-24.972271,0.000000,4.815296
0.005000,71.692730,-32.553215,64.064573,17.935164,-24.972271,-0.000000,4.813611
0.005000,71.701686,-32.642129,64.153937,17.810303,-24.972271,0.000000,4.811946
0.005000,71.710433,-32.730436,64.242676,17.685442,-24.972271,0.000000,4.810301
0.005000,71.718975,-32.818136,64.330791,17.560580,-24.972271,-0.000000,4.808675
0.005000,71.727317,-32.905228,64.418282,17.435719,-24.972271,0.000000,4.807070
0.005000,71.735460,-32.991712,64.505148,17.310858,-24.972271,-0.000000,4.805484
0.005000,71.743410,-33.077587,64.591390,17.185996,-24.972271,0.000000,4.803917
0.005000,71.751170,-33.162852,64.677008,17.061135,-24.972271,0.000000,4.802370
0.005000,71.758742,-33.247508,64.762002,16.936274,-24.972271,0.000000,4.800841
0.005000,71.766132,-33.331553,64.846371,16.811412,-24.972271,0.000000,4.799331
0.005000,71.773341,-33.414987,64.930116,16.686551,-24.972271,0.000000,4.797839
0.005000,71.780374,-33.497809,65.013236,16.561690,-24.972271,0.000000,4.796365
0.005000,71.787234,-33.580020,65.095733,16.436828,-24.972271,-0.000000,4.794909
0.005000,71.793924,-33.661618,65.177605,16.311967,-24.972271,0.000000,4.793472
0.005000,71.800447,-33.742604,65.258852,16.187105,-24.972271,0.000000,4.792051
0.005000,71.806806,-33.822976,65.339476,16.062244,-24.972271,0.000000,4.790648
0.005000,71.813005,-33.902734,65.419475,15.937383,-24.972271,0.000000,4.789263
0.005000,71.819047,-33.981879,65.498850,15.812521,-24.972271,-0.000000,4.787894
0.005000,71.824934,-34.060409,65.577600,15.687660,-24.972271,0.000000,4.786542
0.005000,71.830670,-34.138324,65.655726,15.562799,-24.972271,-0.000000,4.785207
0.005000,71.836257,-34.215624,65.733228,15.437937,-24.972271,0.000000,4.783888
0.005000,71.841699,-34.292309,65.810106,15.313076,-24.972271,-0.000000,4.782586
0.005000,71.846999,-34.368378,65.886359,15.188215,-24.972271,0.000000,4.781299
0.005000,71.852158,-34.443831,65.961988,15.063353,-24.972271,0.000000,4.780029
0.005000,71.857181,-34.518667,66.036992,14.938492,-24.972271,-0.000000,4.778775
0.005000,71.862069,-34.592886,66.111373,14.813631,-24.972271,0.000000,4.777536
0.005000,71.866825,-34.666489,66.185129,14.688769,-24.972271,-0.000000,4.776313
0.005000,71.871453,-34.739474,66.258260,14.563908,-24.972271,0.000000,4.775105
0.005000,71.875954,-34.811841,66.330768,14.439047,-24.972271,-0.000000,4.773912
0.005000,71.880331,-34.883591,66.402651,14.314185,-24.972271,0.000000,4.772734
0.005000,71.884588,-34.954723,66.473910,14.189324,-24.972271,-0.000000,4.771571
0.005000,71.888725,-35.025236,66.544544,14.064462,-24.972271,0.000000,4.770423
0.005000,71.892746,-35.095130,66.614554,13.939601,-24.972271,0.000000,4.769289
0.005000,71.896653,-35.164406,66.683940,13.814740,-24.972271,-0.000000,4.768170
0.005000,71.900449,-35.233063,66.752702,13.689878,-24.972271,0.000000,4.767065
0.005000,71.904135,-35.301100,66.820839,13.565017,-24.972271,0.000000,4.765975
0.005000,71.907715,-35.368518,66.888352,13.440156,-24.972271,0.000000,4.764898
0.005000,71.911190,-35.435317,66.955240,13.315294,-24.972271,-0.000000,4.763835
0.005000,71.914563,-35.501495,67.021505,13.190433,-24.972271,0.000000,4.762786
0.005000,71.917836,-35.567053,67.087145,13.065572,-24.972271,0.000000,4.761751
0.005000,71.921010,-35.631991,67.152160,12.940710,-24.972271,-0.000000,4.760729
0.005000,71.924090,-35.696309,67.216552,12.815849,-24.972271,0.000000,4.759721
0.005000,71.927075,-35.760006,67.280319,12.690988,-24.972271,0.000000,4.758726
0.005000,71.929969,-35.823083,67.343462,12.566126,-24.972271,-0.000000,4.757744
0.005000,71.932773,-35.885538,67.405980,12.441265,-24.972271,0.000000,4.756775
0.005000,71.935490,-35.947373,67.467874,12.316403,-24.972271,-0.000000,4.755819
0.005000,71.938121,-36.008586,67.529144,12.191542,-24.972271,0.000000,4.754876
0.005000,71.940669,-36.069178,67.589790,12.066681,-24.972271,-0.000000,4.753946
0.005000,71.943135,-36.129149,67.649811,11.941819,-24.972271,0.000000,4.753028
0.005000,71.945521,-36.188498,67.709208,11.816958,-24.972271,0.000000,4.752123
0.005000,71.947830,-36.247225,67.767981,11.692097,-24.972271,0.000000,4.751230
0.005000,71.950062,-36.305331,67.826129,11.567235,-24.972271,0.000000,4.750350
0.005000,71.952220,-36.362814,67.883653,11.442374,-24.972271,0.000000,4.749481
0.005000,71.954306,-36.419676,67.940553,11.317513,-24.972271,0.000000,4.748625
0.005000,71.956321,-36.475915,67.996828,11.192651,-24.972271,-0.000000,4.747780
0.005000,71.958267,-36.531532,68.052479,11.067790,-24.972271,0.000000,4.746948
0.005000,71.960146,-36.586527,68.107506,10.942929,-24.972271,0.000000,4.746127
0.005000,71.961959,-36.640899,68.161908,10.818067,-24.972271,0.000000,4.745318
0.005000,71.963708,-36.694649,68.215687,10.693206,-24.972271,0.000000,4.744521
0.005000,71.965395,-36.747776,68.268841,10.568344,-24.972271,-0.000000,4.743735
0.005000,71.967021,-36.800280,68.321370,10.443483,-24.972271,0.000000,4.742961
0.005000,71.968587,-36.852162,68.373275,10.318622,-24.972271,0.000000,4.742198
0.005000,71.970096,-36.903420,68.424556,10.193760,-24.972271,0.000000,4.741446
0.005000,71.971549,-36.954056,68.475213,10.068899,-24.972271,-0.000000,4.740705
0.005000,71.972948,-37.004069,68.525245,9.944038,-24.972271,0.000000,4.739976
0.005000,71.974293,-37.053459,68.574653,9.819176,-24.972271,0.000000,4.739258
0.005000,71.975586,-37.102225,68.623437,9.694315,-24.972271,-0.000000,4.738550
0.005000,71.976829,-37.150369,68.671596,9.569454,-24.972271,0.000000,4.737853
0.005000,71.978023,-37.197889,68.719132,9.444592,-24.972271,0.000000,4.737167
0.005000,71.979170,-37.244786,68.766042,9.319731,-24.972271,-0.000000,4.736492
0.005000,71.980270,-37.291059,68.812329,9.194870,-24.972271,0.000000,4.735828
0.005000,71.981325,-37.336709,68.857991,9.070008,-24.972271,0.000000,4.735174
0.005000,71.982337,-37.381736,68.903029,8.945147,-24.972271,0.000000,4.734530
0.005000,71.983306,-37.426139,68.947443,8.820285,-24.972271,0.000000,4.733897
0.005000,71.984234,-37.469918,68.991232,8.695424,-24.972271,0.000000,4.733274
0.005000,71.985122,-37.513074,69.034397,8.570563,-24.972271,-0.000000,4.732662
0.005000,71.985972,-37.555606,69.076937,8.445701,-24.972271,0.000000,4.732060
0.005000,71.986784,-37.597515,69.118854,8.320840,-24.972271,0.000000,4.731468
0.005000,71.987559,-37.638799,69.160146,8.195979,-24.972271,-0.000000,4.730886
0.005000,71.988300,-37.679460,69.200814,8.071117,-24.972271,0.000000,4.730314
0.005000,71.989007,-37.719497,69.240857,7.946256,-24.972271,-0.000000,4.729752
0.005000,71.989680,-37.758911,69.280276,7.821395,-24.972271,0.000000,4.729200
0.005000,71.990322,-37.797700,69.319071,7.696533,-24.972271,0.000000,4.728658
0.005000,71.990932,-37.835866,69.357241,7.571672,-24.972271,-0.000000,4.728126
0.005000,71.991513,-37.873408,69.394788,7.446811,-24.972271,0.000000,4.727603
0.005000,71.992066,-37.910325,69.431710,7.321949,-24.972271,0.000000,4.727090
0.005000,71.992590,-37.946619,69.468007,7.197088,-24.972271,0.000000,4.726587
0.005000,71.993088,-37.982289,69.503680,7.072226,-24.972271,0.000000,4.726093
0.005000,71.993560,-38.017335,69.538729,6.947365,-24.972271,-0.000000,4.725609
0.005000,71.994007,-38.051757,69.573154,6.822504,-24.972271,-0.000000,4.725134
0.005000,71.994429,-38.085554,69.606954,6.697642,-24.972271,0.000000,4.724669
0.005000,71.994829,-38.118728,69.640131,6.572781,-24.972271,-0.000000,4.724213
0.005000,71.995207,-38.151278,69.672682,6.447920,-24.972271,0.000000,4.723767
0.005000,71.995563,-38.183203,69.704610,6.323058,-24.972271,-0.000000,4.723330
0.005000,71.995899,-38.214504,69.735913,6.198197,-24.972271,0.000000,4.722902
0.005000,71.996215,-38.245182,69.766592,6.073336,-24.972271,-0.000000,4.722483
0.005000,71.996512,-38.275235,69.796646,5.948474,-24.972271,0.000000,4.722074
0.005000,71.996791,-38.304664,69.826076,5.823613,-24.972271,-0.000000,4.721673
0.005000,71.997053,-38.333468,69.854882,5.698752,-24.972271,0.000000,4.721282
0.005000,71.997298,-38.361649,69.883064,5.573890,-24.972271,0.000000,4.720900
0.005000,71.997528,-38.389205,69.910621,5.449029,-24.972271,0.000000,4.720527
0.005000,71.997742,-38.416137,69.937554,5.324168,-24.972271,-0.000000,4.720162
0.005000,71.997942,-38.442445,69.963863,5.199306,-24.972271,0.000000,4.719807
0.005000,71.998128,-38.468129,69.989547,5.074445,-24.972271,0.000000,4.719460
0.005000,71.998301,-38.493188,70.014607,4.949583,-24.972271,-0.000000,4.719123
0.005000,71.998462,-38.517624,70.039043,4.824722,-24.972271,0.000000,4.718794
0.005000,71.998610,-38.541435,70.062855,4.699861,-24.972271,0.000000,4.718474
0.005000,71.998748,-38.564621,70.086042,4.574999,-24.972271,-0.000000,4.718163
0.005000,71.998875,-38.587184,70.108605,4.450138,-24.972271,0.000000,4.717861
0.005000,71.998991,-38.609122,70.130543,4.325277,-24.972271,0.000000,4.717567
0.005000,71.999099,-38.630436,70.151857,4.200415,-24.972271,0.000000,4.717282
0.005000,71.999197,-38.651126,70.172547,4.075554,-24.972271,-0.000000,4.717005
0.005000,71.999287,-38.671191,70.192613,3.950693,-24.972271,0.000000,4.716738
0.005000,71.999369,-38.690632,70.212054,3.825831,-24.972271,-0.000000,4.716479
0.005000,71.999444,-38.709449,70.230871,3.700970,-24.972271,0.000000,4.716228
0.005000,71.999511,-38.727642,70.249064,3.576109,-24.972271,-0.000000,4.715986
0.005000,71.999572,-38.745210,70.266632,3.451247,-24.972271,0.000000,4.715752
0.005000,71.999628,-38.762154,70.283576,3.326386,-24.972271,-0.000000,4.715527
0.005000,71.999677,-38.778474,70.299896,3.201524,-24.972271,0.000000,4.715311
0.005000,71.999721,-38.794169,70.315592,3.076663,-24.972271,-0.000000,4.715103
0.005000,71.999761,-38.809240,70.330663,2.951802,-24.972271,0.000000,4.714903
0.005000,71.999796,-38.823687,70.345110,2.826940,-24.972271,-0.000000,4.714712
0.005000,71.999826,-38.837510,70.358932,2.702079,-24.972271,0.000000,4.714529
0.005000,71.999853,-38.850708,70.372130,2.577218,-24.972271,0.000000,4.714354
0.005000,71.999877,-38.863282,70.384704,2.452356,-24.972271,-0.000000,4.714188
0.005000,71.999898,-38.875231,70.396654,2.327495,-24.972271,0.000000,4.714030
0.005000,71.999915,-38.886557,70.407979,2.202634,-24.972271,0.000000,4.713881
0.005000,71.999931,-38.897258,70.418680,2.077772,-24.972271,-0.000000,4.713740
0.005000,71.999944,-38.907334,70.428757,1.952911,-24.972271,0.000000,4.713607
0.005000,71.999955,-38.916787,70.438209,1.828050,-24.972271,-0.000000,4.713483
0.005000,71.999964,-38.925615,70.447038,1.703188,-24.972271,0.000000,4.713366
0.005000,71.999971,-38.933819,70.455241,1.578327,-24.972271,-0.000000,4.713258
0.005000,71.999977,-38.941402,70.462825,1.455260,-24.613305,71.793282,4.713159
0.005000,71.999983,-38.948384,70.469806,1.337188,-23.614414,199.778170,4.713067
0.005000,71.999987,-38.954787,70.476210,1.224111,-22.615523,199.778170,4.712983
0.005000,71.999990,-38.960637,70.482060,1.116027,-21.616632,199.778170,4.712906
0.005000,71.999992,-38.965960,70.487382,1.012939,-20.617741,199.778170,4.712836
0.005000,71.999994,-38.970779,70.492202,0.914844,-19.618851,199.778170,4.712772
0.005000,71.999996,-38.975121,70.496543,0.821745,-18.619960,199.778170,4.712715
0.005000,71.999997,-38.979009,70.500432,0.733639,-17.621069,199.778170,4.712664
0.005000,71.999998,-38.982469,70.503892,0.650528,-16.622178,199.778170,4.712619
0.005000,71.999999,-38.985527,70.506950,0.572412,-15.623287,199.778170,4.712579
0.005000,71.999999,-38.988206,70.509629,0.499290,-14.624396,199.778170,4.712544
0.005000,71.999999,-38.990532,70.511955,0.431163,-13.625505,199.778170,4.712513
0.005000,72.000000,-38.992530,70.513953,0.368029,-12.626615,199.778170,4.712487
0.005000,72.000000,-38.994225,70.515648,0.309891,-11.627724,199.778170,4.712465
0.005000,72.000000,-38.995642,70.517064,0.256747,-10.628833,199.778170,4.712446
0.005000,72.000000,-38.996805,70.518228,0.208597,-9.629942,199.778170,4.712431
0.005000,72.000000,-38.997740,70.519163,0.165442,-8.631051,199.778170,4.712419
0.005000,72.000000,-38.998472,70.519895,0.127281,-7.632160,199.778170,4.712409
0.005000,72.000000,-38.999025,70.520448,0.094115,-6.633270,199.778170,4.712402
0.005000,72.000000,-38.999425,70.520848,0.065943,-5.634379,199.778170,4.712397
0.005000,72.000000,-38.999697,70.521120,0.042765,-4.635488,199.778170,4.712393
0.005000,72.000000,-38.999866,70.521288,0.024582,-3.636597,199.778170,4.712391
0.005000,72.000000,-38.999956,70.521378,0.011394,-2.637706,199.778170,4.712390
0.005000,72.000000,-38.999992,70.521415,0.003200,-1.638815,199.778170,4.712389
0.005000,72.000000,-39.000000,70.521423,0.000000,-0.639924,199.778170,4.712389
0.005000,72.000000,-39.000000,70.521423,0.000000,0.000000,127.984888,4.712389
